-- MySQL Script generated by MySQL Workbench
-- Tue Dec  3 09:32:43 2019
-- Model: New Model    Version: 1.0
-- MySQL Workbench Forward Engineering

SET @OLD_UNIQUE_CHECKS=@@UNIQUE_CHECKS, UNIQUE_CHECKS=0;
SET @OLD_FOREIGN_KEY_CHECKS=@@FOREIGN_KEY_CHECKS, FOREIGN_KEY_CHECKS=0;
SET @OLD_SQL_MODE=@@SQL_MODE, SQL_MODE='ONLY_FULL_GROUP_BY,STRICT_TRANS_TABLES,NO_ZERO_IN_DATE,NO_ZERO_DATE,ERROR_FOR_DIVISION_BY_ZERO,NO_ENGINE_SUBSTITUTION';

-- -----------------------------------------------------
-- Schema sekolah
-- -----------------------------------------------------
DROP SCHEMA IF EXISTS `sekolah` ;

-- -----------------------------------------------------
-- Schema sekolah
-- -----------------------------------------------------
CREATE SCHEMA IF NOT EXISTS `sekolah` DEFAULT CHARACTER SET utf8 ;
USE `sekolah` ;

-- -----------------------------------------------------
-- Table `sekolah`.`pengguna`
-- -----------------------------------------------------
CREATE TABLE IF NOT EXISTS `sekolah`.`pengguna` (
  `id` BIGINT NOT NULL AUTO_INCREMENT,
  `nama_pengguna` VARCHAR(32) NOT NULL,
  `email` VARCHAR(128) NOT NULL,
  `sandi` VARCHAR(256) NOT NULL,
  PRIMARY KEY (`id`),
  UNIQUE INDEX `nama_pengguna_UNIQUE` (`nama_pengguna` ASC),
  UNIQUE INDEX `email_UNIQUE` (`email` ASC))
ENGINE = InnoDB;


-- -----------------------------------------------------
-- Table `sekolah`.`biodata_siswa`
-- -----------------------------------------------------
CREATE TABLE IF NOT EXISTS `sekolah`.`biodata_siswa` (
  `id` BIGINT NOT NULL AUTO_INCREMENT,
  `nama_lengkap` VARCHAR(256) NOT NULL,
  `tanggal_lahir` DATE NOT NULL,
  `tempat_lahir` VARCHAR(64) NOT NULL,
  `alamat` TEXT NOT NULL,
  `no_telp` VARCHAR(32) NOT NULL,
  PRIMARY KEY (`id`),
  UNIQUE INDEX `no_telp_UNIQUE` (`no_telp` ASC))
ENGINE = InnoDB;


-- -----------------------------------------------------
-- Table `sekolah`.`jenis_guru`
-- -----------------------------------------------------
CREATE TABLE IF NOT EXISTS `sekolah`.`jenis_guru` (
  `id` INT NOT NULL AUTO_INCREMENT,
  `nama` VARCHAR(45) NOT NULL,
  PRIMARY KEY (`id`))
ENGINE = InnoDB;


-- -----------------------------------------------------
-- Table `sekolah`.`biodata_guru`
-- -----------------------------------------------------
CREATE TABLE IF NOT EXISTS `sekolah`.`biodata_guru` (
  `id` BIGINT NOT NULL AUTO_INCREMENT,
  `nama_lengkap` VARCHAR(256) NOT NULL,
  `tanggal_lahir` DATE NOT NULL,
  `tempat_lahir` VARCHAR(64) NOT NULL,
  `alamat` TEXT NOT NULL,
  `no_telp` VARCHAR(32) NOT NULL,
  `no_ktp` VARCHAR(16) NOT NULL,
  `no_sertifikat_pendidik` VARCHAR(32) NOT NULL,
  PRIMARY KEY (`id`),
  UNIQUE INDEX `no_telp_UNIQUE` (`no_telp` ASC),
  UNIQUE INDEX `no_ktp_UNIQUE` (`no_ktp` ASC),
  UNIQUE INDEX `no_sertifikat_pendidik_UNIQUE` (`no_sertifikat_pendidik` ASC))
ENGINE = InnoDB;


-- -----------------------------------------------------
-- Table `sekolah`.`guru`
-- -----------------------------------------------------
CREATE TABLE IF NOT EXISTS `sekolah`.`guru` (
  `id` BIGINT NOT NULL AUTO_INCREMENT,
  `pengguna_id` BIGINT NOT NULL,
  `no_induk` VARCHAR(45) NULL,
  `biodata_guru_id` BIGINT NOT NULL,
  `jenis_guru_id` INT NOT NULL,
  PRIMARY KEY (`id`, `pengguna_id`, `jenis_guru_id`),
  INDEX `fk_guru_jenis_guru1_idx` (`jenis_guru_id` ASC),
  INDEX `fk_guru_biodata_guru1_idx` (`biodata_guru_id` ASC),
  INDEX `fk_guru_pengguna1_idx` (`pengguna_id` ASC),
  UNIQUE INDEX `no_induk_UNIQUE` (`no_induk` ASC),
  CONSTRAINT `fk_guru_jenis_guru1`
    FOREIGN KEY (`jenis_guru_id`)
    REFERENCES `sekolah`.`jenis_guru` (`id`)
    ON DELETE NO ACTION
    ON UPDATE NO ACTION,
  CONSTRAINT `fk_guru_biodata_guru1`
    FOREIGN KEY (`biodata_guru_id`)
    REFERENCES `sekolah`.`biodata_guru` (`id`)
    ON DELETE NO ACTION
    ON UPDATE NO ACTION,
  CONSTRAINT `fk_guru_pengguna1`
    FOREIGN KEY (`pengguna_id`)
    REFERENCES `sekolah`.`pengguna` (`id`)
    ON DELETE NO ACTION
    ON UPDATE NO ACTION)
ENGINE = InnoDB;


-- -----------------------------------------------------
-- Table `sekolah`.`tahun_ajaran`
-- -----------------------------------------------------
CREATE TABLE IF NOT EXISTS `sekolah`.`tahun_ajaran` (
  `id` BIGINT NOT NULL AUTO_INCREMENT,
  `nama` VARCHAR(16) NOT NULL,
  PRIMARY KEY (`id`),
  UNIQUE INDEX `nama_UNIQUE` (`nama` ASC))
ENGINE = InnoDB;


-- -----------------------------------------------------
-- Table `sekolah`.`semester`
-- -----------------------------------------------------
CREATE TABLE IF NOT EXISTS `sekolah`.`semester` (
  `id` BIGINT NOT NULL AUTO_INCREMENT,
  `tahun_ajaran_id` BIGINT NOT NULL,
  PRIMARY KEY (`id`, `tahun_ajaran_id`),
  INDEX `fk_semester_tahun_ajaran1_idx` (`tahun_ajaran_id` ASC),
  CONSTRAINT `fk_semester_tahun_ajaran1`
    FOREIGN KEY (`tahun_ajaran_id`)
    REFERENCES `sekolah`.`tahun_ajaran` (`id`)
    ON DELETE NO ACTION
    ON UPDATE NO ACTION)
ENGINE = InnoDB;


-- -----------------------------------------------------
-- Table `sekolah`.`kelas`
-- -----------------------------------------------------
CREATE TABLE IF NOT EXISTS `sekolah`.`kelas` (
  `id` BIGINT NOT NULL AUTO_INCREMENT,
  `semester_id` BIGINT NOT NULL,
  `nama` VARCHAR(18) NOT NULL,
  `walikelas_id` BIGINT NOT NULL,
  PRIMARY KEY (`id`, `semester_id`),
  INDEX `fk_kelas_guru1_idx` (`walikelas_id` ASC),
  INDEX `fk_kelas_semester1_idx` (`semester_id` ASC),
  CONSTRAINT `fk_kelas_guru1`
    FOREIGN KEY (`walikelas_id`)
    REFERENCES `sekolah`.`guru` (`id`)
    ON DELETE NO ACTION
    ON UPDATE NO ACTION,
  CONSTRAINT `fk_kelas_semester1`
    FOREIGN KEY (`semester_id`)
    REFERENCES `sekolah`.`semester` (`id`)
    ON DELETE NO ACTION
    ON UPDATE NO ACTION)
ENGINE = InnoDB;


-- -----------------------------------------------------
-- Table `sekolah`.`siswa`
-- -----------------------------------------------------
CREATE TABLE IF NOT EXISTS `sekolah`.`siswa` (
  `id` BIGINT NOT NULL AUTO_INCREMENT,
  `pengguna_id` BIGINT NOT NULL,
  `no_induk` VARCHAR(45) NULL,
  `biodata_siswa_id` BIGINT NOT NULL,
  `kelas_id` BIGINT NOT NULL,
  PRIMARY KEY (`id`, `pengguna_id`),
  INDEX `fk_siswa_pengguna1_idx` (`pengguna_id` ASC),
  INDEX `fk_siswa_biodata_siswa1_idx` (`biodata_siswa_id` ASC),
  UNIQUE INDEX `no_induk_UNIQUE` (`no_induk` ASC),
  INDEX `fk_siswa_kelas1_idx` (`kelas_id` ASC),
  CONSTRAINT `fk_siswa_pengguna1`
    FOREIGN KEY (`pengguna_id`)
    REFERENCES `sekolah`.`pengguna` (`id`)
    ON DELETE NO ACTION
    ON UPDATE NO ACTION,
  CONSTRAINT `fk_siswa_biodata_siswa1`
    FOREIGN KEY (`biodata_siswa_id`)
    REFERENCES `sekolah`.`biodata_siswa` (`id`)
    ON DELETE NO ACTION
    ON UPDATE NO ACTION,
  CONSTRAINT `fk_siswa_kelas1`
    FOREIGN KEY (`kelas_id`)
    REFERENCES `sekolah`.`kelas` (`id`)
    ON DELETE NO ACTION
    ON UPDATE NO ACTION)
ENGINE = InnoDB;


-- -----------------------------------------------------
-- Table `sekolah`.`jenis_pelajaran`
-- -----------------------------------------------------
CREATE TABLE IF NOT EXISTS `sekolah`.`jenis_pelajaran` (
  `id` INT NOT NULL AUTO_INCREMENT,
  `nama` VARCHAR(45) NOT NULL,
  PRIMARY KEY (`id`))
ENGINE = InnoDB;


-- -----------------------------------------------------
-- Table `sekolah`.`pelajaran`
-- -----------------------------------------------------
CREATE TABLE IF NOT EXISTS `sekolah`.`pelajaran` (
  `id` BIGINT NOT NULL AUTO_INCREMENT,
  `kelas_id` BIGINT NOT NULL,
  `jenis_pelajaran_id` INT NOT NULL,
  `guru_id` BIGINT NOT NULL,
  PRIMARY KEY (`id`, `jenis_pelajaran_id`),
  INDEX `fk_pelajaran_jenis_pelajaran1_idx` (`jenis_pelajaran_id` ASC),
  INDEX `fk_pelajaran_kelas1_idx` (`kelas_id` ASC),
  INDEX `fk_pelajaran_guru1_idx` (`guru_id` ASC),
  CONSTRAINT `fk_pelajaran_jenis_pelajaran1`
    FOREIGN KEY (`jenis_pelajaran_id`)
    REFERENCES `sekolah`.`jenis_pelajaran` (`id`)
    ON DELETE NO ACTION
    ON UPDATE NO ACTION,
  CONSTRAINT `fk_pelajaran_kelas1`
    FOREIGN KEY (`kelas_id`)
    REFERENCES `sekolah`.`kelas` (`id`)
    ON DELETE NO ACTION
    ON UPDATE NO ACTION,
  CONSTRAINT `fk_pelajaran_guru1`
    FOREIGN KEY (`guru_id`)
    REFERENCES `sekolah`.`guru` (`id`)
    ON DELETE NO ACTION
    ON UPDATE NO ACTION)
ENGINE = InnoDB;


-- -----------------------------------------------------
-- Table `sekolah`.`raport`
-- -----------------------------------------------------
CREATE TABLE IF NOT EXISTS `sekolah`.`raport` (
  `id` INT NOT NULL AUTO_INCREMENT,
  `catatan_wali_kelas` TEXT NULL,
  `jumlah_alpha` INT NULL,
  `jumlah_sakit` INT NULL,
  `jumlah_izin` INT NULL,
  `siswa_id` BIGINT NOT NULL,
  `tersedia` TINYINT NOT NULL DEFAULT 0,
  PRIMARY KEY (`id`, `siswa_id`),
  INDEX `fk_raport_siswa1_idx` (`siswa_id` ASC),
  CONSTRAINT `fk_raport_siswa1`
    FOREIGN KEY (`siswa_id`)
    REFERENCES `sekolah`.`siswa` (`id`)
    ON DELETE NO ACTION
    ON UPDATE NO ACTION)
ENGINE = InnoDB;


-- -----------------------------------------------------
-- Table `sekolah`.`nilai_akhir`
-- -----------------------------------------------------
CREATE TABLE IF NOT EXISTS `sekolah`.`nilai_akhir` (
  `id` BIGINT NOT NULL AUTO_INCREMENT,
  `raport_id` INT NOT NULL,
  `pelajaran_id` BIGINT NOT NULL,
  `pembilangan` FLOAT NOT NULL DEFAULT 0,
  `catatan` TEXT NULL,
  `tersedia` TINYINT NOT NULL DEFAULT 0,
  PRIMARY KEY (`id`, `raport_id`, `pelajaran_id`),
  INDEX `fk_nilai_akhir_pelajaran1_idx` (`pelajaran_id` ASC),
  INDEX `fk_nilai_akhir_raport1_idx` (`raport_id` ASC),
  CONSTRAINT `fk_nilai_akhir_pelajaran1`
    FOREIGN KEY (`pelajaran_id`)
    REFERENCES `sekolah`.`pelajaran` (`id`)
    ON DELETE NO ACTION
    ON UPDATE NO ACTION,
  CONSTRAINT `fk_nilai_akhir_raport1`
    FOREIGN KEY (`raport_id`)
    REFERENCES `sekolah`.`raport` (`id`)
    ON DELETE NO ACTION
    ON UPDATE NO ACTION)
ENGINE = InnoDB;


-- -----------------------------------------------------
-- Table `sekolah`.`calon_siswa`
-- -----------------------------------------------------
CREATE TABLE IF NOT EXISTS `sekolah`.`calon_siswa` (
  `id` BIGINT NOT NULL AUTO_INCREMENT,
  `pengguna_id` BIGINT NOT NULL,
  `nama_pendaftar` VARCHAR(256) NOT NULL,
  `no_pendaftaran` VARCHAR(45) NULL,
  PRIMARY KEY (`id`, `pengguna_id`),
  INDEX `fk_calon_siswa_pengguna1_idx` (`pengguna_id` ASC),
  UNIQUE INDEX `no_pendaftaran_UNIQUE` (`no_pendaftaran` ASC),
  CONSTRAINT `fk_calon_siswa_pengguna1`
    FOREIGN KEY (`pengguna_id`)
    REFERENCES `sekolah`.`pengguna` (`id`)
    ON DELETE NO ACTION
    ON UPDATE NO ACTION)
ENGINE = InnoDB;


SET SQL_MODE=@OLD_SQL_MODE;
SET FOREIGN_KEY_CHECKS=@OLD_FOREIGN_KEY_CHECKS;
SET UNIQUE_CHECKS=@OLD_UNIQUE_CHECKS;

-- -----------------------------------------------------
-- Data for table `sekolah`.`pengguna`
-- -----------------------------------------------------
START TRANSACTION;
USE `sekolah`;
INSERT INTO `sekolah`.`pengguna` (`id`, `nama_pengguna`, `email`, `sandi`) VALUES (1, 'guru_tu1', 'tu1@blaemt.sch.id', '20dcaf989323522463c69c838b6eb12dd7c701d834cf479edffb55b191c8ba7d421b39554b0e11124233a200348197d67f0e3b5a7b381a15cd7b8703b9479a52');
INSERT INTO `sekolah`.`pengguna` (`id`, `nama_pengguna`, `email`, `sandi`) VALUES (2, 'guru_tu2', 'tu2@blaemt.sch.id', 'd3195c93bcfd313f3dfa09f87c864ebb9a1c77fdf1da6c828e9e59c83a65b745d1736cd777189a5afb690c3154ad0dd728bdef73e79e7140e54f4e424313b0e5');
INSERT INTO `sekolah`.`pengguna` (`id`, `nama_pengguna`, `email`, `sandi`) VALUES (3, 'guru_bi1', 'bi1@blaemt.sch.id', '2726f6b404bcd15ed397fb224b89bd1a63ecd7a2b2e97cc3e89faefbc19befb6542c38bad21fd91b1fee35eb772e934cffaa969cc8b93aac833957680baaecdc');
INSERT INTO `sekolah`.`pengguna` (`id`, `nama_pengguna`, `email`, `sandi`) VALUES (4, 'guru_bi2', 'bi2@blaemt.sch.id', '85f5d58966eca2b2f4bf69d7da4aff025931e4fccf2c478c72cbb4864eab924ee759993ab076f5ab3215626708da745cef93e9905fd499ba8d3fafc6d7c15d0a');
INSERT INTO `sekolah`.`pengguna` (`id`, `nama_pengguna`, `email`, `sandi`) VALUES (5, 'guru_pa1', 'pa1@blaemt.sch.id', '263103a65c038a734a83bf101a87118f56e42a2e70c5e9355a5299e1832f637d808431d7d58dcd8a48107fcd5a75514f2c7955d7b1ed3c509853655e3679bd22');
INSERT INTO `sekolah`.`pengguna` (`id`, `nama_pengguna`, `email`, `sandi`) VALUES (6, 'guru_pa2', 'pa2@blaemt.sch.id', 'e809df9e71ad003d7d83b3d0c09331e3111aea66a1d90330343cdb93f9295473fa68d1335ddb8cc2f8cbb00fab1213b3539504c5a7d543c48a3ea6bd5ad1d8ae');
INSERT INTO `sekolah`.`pengguna` (`id`, `nama_pengguna`, `email`, `sandi`) VALUES (7, 'guru_pkn1', 'pkn1@blaemt.sch.id', '7d6e94d5c55518ebfe8c7cb35c92f84ff9ec1ea4d169f22fde82395b6a9d43649685e68728d58875da7046c9f43519916f8f6a85bf65f422290704f67a7d9df2');
INSERT INTO `sekolah`.`pengguna` (`id`, `nama_pengguna`, `email`, `sandi`) VALUES (8, 'guru_pkn2', 'pkn2@blaemt.sch.id', '0e29d8c2a57e2ee868433d0c333cfe9c4ad42c5ae7d81f60e8365729430c2a4ccd1605c290c6ade02847791655c511a4e9b166d07792056a803ccbb18138d9f8');
INSERT INTO `sekolah`.`pengguna` (`id`, `nama_pengguna`, `email`, `sandi`) VALUES (9, 'guru_sjh1', 'sjh1@blaemt.sch.id', 'af76cf88282aaaec94f4adb993692b86c3866fbf0395eab6d1591e33d603a0d2abbb179205a429dbf86ca83469d9e6ba3856e6da3f1ac0ef6380cc4efdbe2367');
INSERT INTO `sekolah`.`pengguna` (`id`, `nama_pengguna`, `email`, `sandi`) VALUES (10, 'guru_sjh2', 'sjh2@blaemt.sch.id', '0e26641bca98093de6b127789e84dd75121e54cc6329608e53b1157f5b6f47fb663c352348742777be3eea1e3c5e755d33f4d38a541f2432c6796f956a83f453');
INSERT INTO `sekolah`.`pengguna` (`id`, `nama_pengguna`, `email`, `sandi`) VALUES (11, 'guru_mtk1', 'mtk1@blaemt.sch.id', '76d9a3005a34121f7cd71b0f354fc10d47350cbb347eaf2595b5a98a51f8b9d3ce476f20ff3e2c6839e11243b31ed1a1a3f331a6b978ba31d9b093d595feb1e1');
INSERT INTO `sekolah`.`pengguna` (`id`, `nama_pengguna`, `email`, `sandi`) VALUES (12, 'guru_mtk2', 'mtk2@blaemt.sch.id', '5a149c6ef461452823067f286d736c4f6083d0e1ed88c84eb0a4be7e6645ee1c900c8778dbd6cffef59b966c6c1e90de4be6ee21d9f500d014c7161dcc30080e');

COMMIT;


-- -----------------------------------------------------
-- Data for table `sekolah`.`jenis_guru`
-- -----------------------------------------------------
START TRANSACTION;
USE `sekolah`;
INSERT INTO `sekolah`.`jenis_guru` (`id`, `nama`) VALUES (1, 'Tata Usaha');
INSERT INTO `sekolah`.`jenis_guru` (`id`, `nama`) VALUES (2, 'Pelajaran');

COMMIT;


-- -----------------------------------------------------
-- Data for table `sekolah`.`biodata_guru`
-- -----------------------------------------------------
START TRANSACTION;
USE `sekolah`;
INSERT INTO `sekolah`.`biodata_guru` (`id`, `nama_lengkap`, `tanggal_lahir`, `tempat_lahir`, `alamat`, `no_telp`, `no_ktp`, `no_sertifikat_pendidik`) VALUES (1, 'a', '2017-06-15', 'Jakarta', 'Semarang', '08181818181', '08181818181', '165168');
INSERT INTO `sekolah`.`biodata_guru` (`id`, `nama_lengkap`, `tanggal_lahir`, `tempat_lahir`, `alamat`, `no_telp`, `no_ktp`, `no_sertifikat_pendidik`) VALUES (2, 'b', '2017-06-15', 'Jakarta', 'Semarang', '2', '08181818182', '21358');
INSERT INTO `sekolah`.`biodata_guru` (`id`, `nama_lengkap`, `tanggal_lahir`, `tempat_lahir`, `alamat`, `no_telp`, `no_ktp`, `no_sertifikat_pendidik`) VALUES (3, 'c', '2017-06-15', 'Jakarta', 'Semarang', '3', '3', '9');
INSERT INTO `sekolah`.`biodata_guru` (`id`, `nama_lengkap`, `tanggal_lahir`, `tempat_lahir`, `alamat`, `no_telp`, `no_ktp`, `no_sertifikat_pendidik`) VALUES (4, 'd', '2017-06-15', 'Jakarta', 'Semarang', '4', '42376', '08181818189');
INSERT INTO `sekolah`.`biodata_guru` (`id`, `nama_lengkap`, `tanggal_lahir`, `tempat_lahir`, `alamat`, `no_telp`, `no_ktp`, `no_sertifikat_pendidik`) VALUES (5, 'e', '2017-06-15', 'Jakarta', 'Semarang', '45', '345789566', '5656');
INSERT INTO `sekolah`.`biodata_guru` (`id`, `nama_lengkap`, `tanggal_lahir`, `tempat_lahir`, `alamat`, `no_telp`, `no_ktp`, `no_sertifikat_pendidik`) VALUES (6, 'f', '2017-06-15', 'Jakarta', 'Semarang', '234', '23457', '08181818182');
INSERT INTO `sekolah`.`biodata_guru` (`id`, `nama_lengkap`, `tanggal_lahir`, `tempat_lahir`, `alamat`, `no_telp`, `no_ktp`, `no_sertifikat_pendidik`) VALUES (7, 'g', '2017-06-15', 'Jakarta', 'Semarang', '62', '2356737', '49');
INSERT INTO `sekolah`.`biodata_guru` (`id`, `nama_lengkap`, `tanggal_lahir`, `tempat_lahir`, `alamat`, `no_telp`, `no_ktp`, `no_sertifikat_pendidik`) VALUES (8, 'h', '2017-06-15', 'Jakarta', 'Semarang', '56', '23462456734', '0818181818');
INSERT INTO `sekolah`.`biodata_guru` (`id`, `nama_lengkap`, `tanggal_lahir`, `tempat_lahir`, `alamat`, `no_telp`, `no_ktp`, `no_sertifikat_pendidik`) VALUES (9, 'j', '2017-06-15', 'Jakarta', 'Semarang', '1247', '23456342', '98');
INSERT INTO `sekolah`.`biodata_guru` (`id`, `nama_lengkap`, `tanggal_lahir`, `tempat_lahir`, `alamat`, `no_telp`, `no_ktp`, `no_sertifikat_pendidik`) VALUES (10, 'k', '2017-06-15', 'Jakarta', 'Semarang', '4678', '4563', '081818181898');
INSERT INTO `sekolah`.`biodata_guru` (`id`, `nama_lengkap`, `tanggal_lahir`, `tempat_lahir`, `alamat`, `no_telp`, `no_ktp`, `no_sertifikat_pendidik`) VALUES (11, 'l', '2017-06-15', 'Jakarta', 'Semarang', '45645', '473478364', '19');
INSERT INTO `sekolah`.`biodata_guru` (`id`, `nama_lengkap`, `tanggal_lahir`, `tempat_lahir`, `alamat`, `no_telp`, `no_ktp`, `no_sertifikat_pendidik`) VALUES (12, 'm', '2017-06-15', 'Jakarta', 'Semarang', '46', '236367', '984679');

COMMIT;


-- -----------------------------------------------------
-- Data for table `sekolah`.`guru`
-- -----------------------------------------------------
START TRANSACTION;
USE `sekolah`;
INSERT INTO `sekolah`.`guru` (`id`, `pengguna_id`, `no_induk`, `biodata_guru_id`, `jenis_guru_id`) VALUES (1, 1, '132000001', 1, 1);
INSERT INTO `sekolah`.`guru` (`id`, `pengguna_id`, `no_induk`, `biodata_guru_id`, `jenis_guru_id`) VALUES (2, 2, '132000002', 2, 1);
INSERT INTO `sekolah`.`guru` (`id`, `pengguna_id`, `no_induk`, `biodata_guru_id`, `jenis_guru_id`) VALUES (3, 3, '131210003', 3, 2);
INSERT INTO `sekolah`.`guru` (`id`, `pengguna_id`, `no_induk`, `biodata_guru_id`, `jenis_guru_id`) VALUES (4, 4, '131210004', 4, 2);
INSERT INTO `sekolah`.`guru` (`id`, `pengguna_id`, `no_induk`, `biodata_guru_id`, `jenis_guru_id`) VALUES (5, 5, '131220005', 5, 2);
INSERT INTO `sekolah`.`guru` (`id`, `pengguna_id`, `no_induk`, `biodata_guru_id`, `jenis_guru_id`) VALUES (6, 6, '131220006', 6, 2);
INSERT INTO `sekolah`.`guru` (`id`, `pengguna_id`, `no_induk`, `biodata_guru_id`, `jenis_guru_id`) VALUES (7, 7, '131230007', 7, 2);
INSERT INTO `sekolah`.`guru` (`id`, `pengguna_id`, `no_induk`, `biodata_guru_id`, `jenis_guru_id`) VALUES (8, 8, '131230008', 8, 2);
INSERT INTO `sekolah`.`guru` (`id`, `pengguna_id`, `no_induk`, `biodata_guru_id`, `jenis_guru_id`) VALUES (9, 9, '131240009', 9, 2);
INSERT INTO `sekolah`.`guru` (`id`, `pengguna_id`, `no_induk`, `biodata_guru_id`, `jenis_guru_id`) VALUES (10, 10, '131240010', 10, 2);
INSERT INTO `sekolah`.`guru` (`id`, `pengguna_id`, `no_induk`, `biodata_guru_id`, `jenis_guru_id`) VALUES (11, 11, '131250011', 11, 2);
INSERT INTO `sekolah`.`guru` (`id`, `pengguna_id`, `no_induk`, `biodata_guru_id`, `jenis_guru_id`) VALUES (12, 12, '131250012', 12, 2);

COMMIT;


-- -----------------------------------------------------
-- Data for table `sekolah`.`tahun_ajaran`
-- -----------------------------------------------------
START TRANSACTION;
USE `sekolah`;
INSERT INTO `sekolah`.`tahun_ajaran` (`id`, `nama`) VALUES (1, '2017/2018');
INSERT INTO `sekolah`.`tahun_ajaran` (`id`, `nama`) VALUES (2, '2018/2019');
INSERT INTO `sekolah`.`tahun_ajaran` (`id`, `nama`) VALUES (3, '2019/2020');

COMMIT;


-- -----------------------------------------------------
-- Data for table `sekolah`.`jenis_pelajaran`
-- -----------------------------------------------------
START TRANSACTION;
USE `sekolah`;
INSERT INTO `sekolah`.`jenis_pelajaran` (`id`, `nama`) VALUES (1, 'Bahasa Indonesia');
INSERT INTO `sekolah`.`jenis_pelajaran` (`id`, `nama`) VALUES (2, 'Pendidikan Agama');
INSERT INTO `sekolah`.`jenis_pelajaran` (`id`, `nama`) VALUES (3, 'Pendidikan Kewarganegaraan');
INSERT INTO `sekolah`.`jenis_pelajaran` (`id`, `nama`) VALUES (4, 'Sejarah');
INSERT INTO `sekolah`.`jenis_pelajaran` (`id`, `nama`) VALUES (5, 'Matematika');

COMMIT;

